year_start,year_end,location_abbr,location_desc,datasource,class,question,data_value,data_value_alt,low_confidence_limit,high_confidence_limit,sample_size,age_range,education,income_range,race_ethnicity,geo_location,class_id,topic_id,question_id,data_value_type_id,location_id,stratification_category1,stratification_value
2011,2011,AL,Alabama,Behavioral Risk Factor Surveillance System,Obesity / Weight Status,Percent of adults aged 18 years and older who have obesity,34.8,34.8,31.3,38.5,1367,,,"$15,000 - $24,999",,"(32.840571122, -86.631860762)",OWS,OWS1,Q036,VALUE,1,Income,"$15,000 - $24,999"
2011,2011,AL,Alabama,Behavioral Risk Factor Surveillance System,Obesity / Weight Status,Percent of adults aged 18 years and older who have obesity,35.8,35.8,31.1,40.8,757,,,"$25,000 - $34,999",,"(32.840571122, -86.631860762)",OWS,OWS1,Q036,VALUE,1,Income,"$25,000 - $34,999"
2011,2011,AL,Alabama,Behavioral Risk Factor Surveillance System,Obesity / Weight Status,Percent of adults aged 18 years and older who have obesity,32.3,32.3,28.0,36.8,861,,,"$35,000 - $49,999",,"(32.840571122, -86.631860762)",OWS,OWS1,Q036,VALUE,1,Income,"$35,000 - $49,999"
2011,2011,AL,Alabama,Behavioral Risk Factor Surveillance System,Obesity / Weight Status,Percent of adults aged 18 years and older who have obesity,34.1,34.1,29.7,38.8,785,,,"$50,000 - $74,999",,"(32.840571122, -86.631860762)",OWS,OWS1,Q036,VALUE,1,Income,"$50,000 - $74,999"
2011,2011,AL,Alabama,Behavioral Risk Factor Surveillance System,Obesity / Weight Status,Percent of adults aged 18 years and older who have obesity,28.8,28.8,25.4,32.5,1125,,,"$75,000 or greater",,"(32.840571122, -86.631860762)",OWS,OWS1,Q036,VALUE,1,Income,"$75,000 or greater"
2011,2011,AL,Alabama,Behavioral Risk Factor Surveillance System,Obesity / Weight Status,Percent of adults aged 18 years and older who have obesity,16.3,16.3,12.6,20.9,356,18 - 24,,,,"(32.840571122, -86.631860762)",OWS,OWS1,Q036,VALUE,1,Age (years),18 - 24
2011,2011,AL,Alabama,Behavioral Risk Factor Surveillance System,Obesity / Weight Status,Percent of adults aged 18 years and older who have obesity,27.8,27.8,14.4,46.9,58,,,,Non-Hispanic 2 or more races,"(32.840571122, -86.631860762)",OWS,OWS1,Q036,VALUE,1,Race/Ethnicity,Non-Hispanic 2 or more races
2011,2011,AL,Alabama,Behavioral Risk Factor Surveillance System,Obesity / Weight Status,Percent of adults aged 18 years and older who have obesity,35.2,35.2,30.7,40.0,598,25 - 34,,,,"(32.840571122, -86.631860762)",OWS,OWS1,Q036,VALUE,1,Age (years),25 - 34
2011,2011,AL,Alabama,Behavioral Risk Factor Surveillance System,Obesity / Weight Status,Percent of adults aged 18 years and older who have obesity,35.5,35.5,31.6,39.6,865,35 - 44,,,,"(32.840571122, -86.631860762)",OWS,OWS1,Q036,VALUE,1,Age (years),35 - 44
2011,2011,AL,Alabama,Behavioral Risk Factor Surveillance System,Obesity / Weight Status,Percent of adults aged 18 years and older who have obesity,38.0,38.0,34.5,41.5,1288,45 - 54,,,,"(32.840571122, -86.631860762)",OWS,OWS1,Q036,VALUE,1,Age (years),45 - 54
2011,2011,AL,Alabama,Behavioral Risk Factor Surveillance System,Obesity / Weight Status,Percent of adults aged 18 years and older who have obesity,36.4,36.4,33.4,39.5,1676,55 - 64,,,,"(32.840571122, -86.631860762)",OWS,OWS1,Q036,VALUE,1,Age (years),55 - 64
2011,2011,AL,Alabama,Behavioral Risk Factor Surveillance System,Obesity / Weight Status,Percent of adults aged 18 years and older who have obesity,27.1,27.1,24.9,29.3,2521,65 or older,,,,"(32.840571122, -86.631860762)",OWS,OWS1,Q036,VALUE,1,Age (years),65 or older
2011,2011,AL,Alabama,Behavioral Risk Factor Surveillance System,Obesity / Weight Status,Percent of adults aged 18 years and older who have obesity,32.9,32.9,18.4,51.7,61,,,,NH American Indian/Alaska Native,"(32.840571122, -86.631860762)",OWS,OWS1,Q036,VALUE,1,Race/Ethnicity,NH American Indian/Alaska Native
2011,2011,AL,Alabama,Behavioral Risk Factor Surveillance System,Obesity / Weight Status,Percent of adults aged 18 years and older who have obesity,0.0,0.0,0.0,0.0,0,,,,Non-Hispanic Asian,"(32.840571122, -86.631860762)",OWS,OWS1,Q036,VALUE,1,Race/Ethnicity,Non-Hispanic Asian
2011,2011,AL,Alabama,Behavioral Risk Factor Surveillance System,Obesity / Weight Status,Percent of adults aged 18 years and older who have obesity,26.4,26.4,23.7,29.3,1812,,College graduate,,,"(32.840571122, -86.631860762)",OWS,OWS1,Q036,VALUE,1,Education,College graduate
2011,2011,AL,Alabama,Behavioral Risk Factor Surveillance System,Obesity / Weight Status,Percent of adults aged 18 years and older who have obesity,23.8,23.8,20.7,27.3,1297,,,Data not reported,,"(32.840571122, -86.631860762)",OWS,OWS1,Q036,VALUE,1,Income,Data not reported
2011,2011,AL,Alabama,Behavioral Risk Factor Surveillance System,Obesity / Weight Status,Percent of adults aged 18 years and older who have obesity,31.8,31.8,30.0,33.6,4723,,,,,"(32.840571122, -86.631860762)",OWS,OWS1,Q036,VALUE,1,Sex,Female
2011,2011,AL,Alabama,Behavioral Risk Factor Surveillance System,Obesity / Weight Status,Percent of adults aged 18 years and older who have obesity,0.0,0.0,0.0,0.0,0,,,,NH Hawaiian/Pacific Islander,"(32.840571122, -86.631860762)",OWS,OWS1,Q036,VALUE,1,Race/Ethnicity,NH Hawaiian/Pacific Islander
2011,2011,AL,Alabama,Behavioral Risk Factor Surveillance System,Obesity / Weight Status,Percent of adults aged 18 years and older who have obesity,32.8,32.8,30.2,35.6,2402,,High school graduate,,,"(32.840571122, -86.631860762)",OWS,OWS1,Q036,VALUE,1,Education,High school graduate
2011,2011,AL,Alabama,Behavioral Risk Factor Surveillance System,Obesity / Weight Status,Percent of adults aged 18 years and older who have obesity,28.6,28.6,17.5,43.1,115,,,,Hispanic,"(32.840571122, -86.631860762)",OWS,OWS1,Q036,VALUE,1,Race/Ethnicity,Hispanic
2011,2011,AL,Alabama,Behavioral Risk Factor Surveillance System,Obesity / Weight Status,Percent of adults aged 18 years and older who have obesity,38.5,38.5,34.4,42.8,1112,,,"Less than $15,000",,"(32.840571122, -86.631860762)",OWS,OWS1,Q036,VALUE,1,Income,"Less than $15,000"
2011,2011,AL,Alabama,Behavioral Risk Factor Surveillance System,Obesity / Weight Status,Percent of adults aged 18 years and older who have obesity,33.6,33.6,29.9,37.6,1153,,Less than high school,,,"(32.840571122, -86.631860762)",OWS,OWS1,Q036,VALUE,1,Education,Less than high school
2011,2011,AL,Alabama,Behavioral Risk Factor Surveillance System,Obesity / Weight Status,Percent of adults aged 18 years and older who have obesity,32.3,32.3,29.9,34.7,2581,,,,,"(32.840571122, -86.631860762)",OWS,OWS1,Q036,VALUE,1,Sex,Male
2011,2011,AL,Alabama,Behavioral Risk Factor Surveillance System,Obesity / Weight Status,Percent of adults aged 18 years and older who have obesity,40.1,40.1,36.9,43.3,1878,,,,Non-Hispanic Black,"(32.840571122, -86.631860762)",OWS,OWS1,Q036,VALUE,1,Race/Ethnicity,Non-Hispanic Black
2011,2011,AL,Alabama,Behavioral Risk Factor Surveillance System,Obesity / Weight Status,Percent of adults aged 18 years and older who have obesity,29.8,29.8,28.0,31.6,5042,,,,Non-Hispanic White,"(32.840571122, -86.631860762)",OWS,OWS1,Q036,VALUE,1,Race/Ethnicity,Non-Hispanic White
2011,2011,AL,Alabama,Behavioral Risk Factor Surveillance System,Obesity / Weight Status,Percent of adults aged 18 years and older who have obesity,0.0,0.0,0.0,0.0,0,,,,Non-Hispanic Other,"(32.840571122, -86.631860762)",OWS,OWS1,Q036,VALUE,1,Race/Ethnicity,Non-Hispanic Other
2011,2011,AL,Alabama,Behavioral Risk Factor Surveillance System,Obesity / Weight Status,Percent of adults aged 18 years and older who have obesity,33.8,33.8,31.0,36.8,1925,,Some college or technical sch,,,"(32.840571122, -86.631860762)",OWS,OWS1,Q036,VALUE,1,Education,Some college or technical school
2011,2011,AL,Alabama,Behavioral Risk Factor Surveillance System,Obesity / Weight Status,Percent of adults aged 18 years and older who have obesity,32.0,32.0,30.5,33.5,7304,,,,,"(32.840571122, -86.631860762)",OWS,OWS1,Q036,VALUE,1,Total,Total
2011,2011,AK,Alaska,Behavioral Risk Factor Surveillance System,Obesity / Weight Status,Percent of adults aged 18 years and older who have obesity,30.2,30.2,24.1,37.2,377,,,"$15,000 - $24,999",,"(64.845079957001, -147.722059036)",OWS,OWS1,Q036,VALUE,2,Income,"$15,000 - $24,999"
2011,2011,AK,Alaska,Behavioral Risk Factor Surveillance System,Obesity / Weight Status,Percent of adults aged 18 years and older who have obesity,32.2,32.2,23.1,42.9,224,,,"$25,000 - $34,999",,"(64.845079957001, -147.722059036)",OWS,OWS1,Q036,VALUE,2,Income,"$25,000 - $34,999"
2011,2011,AK,Alaska,Behavioral Risk Factor Surveillance System,Obesity / Weight Status,Percent of adults aged 18 years and older who have obesity,24.5,24.5,18.3,32.0,397,,,"$35,000 - $49,999",,"(64.845079957001, -147.722059036)",OWS,OWS1,Q036,VALUE,2,Income,"$35,000 - $49,999"
2011,2011,AK,Alaska,Behavioral Risk Factor Surveillance System,Obesity / Weight Status,Percent of adults aged 18 years and older who have obesity,27.8,27.8,23.3,32.9,524,,,"$50,000 - $74,999",,"(64.845079957001, -147.722059036)",OWS,OWS1,Q036,VALUE,2,Income,"$50,000 - $74,999"
2011,2011,AK,Alaska,Behavioral Risk Factor Surveillance System,Obesity / Weight Status,Percent of adults aged 18 years and older who have obesity,26.9,26.9,23.5,30.7,1109,,,"$75,000 or greater",,"(64.845079957001, -147.722059036)",OWS,OWS1,Q036,VALUE,2,Income,"$75,000 or greater"
2011,2011,AK,Alaska,Behavioral Risk Factor Surveillance System,Obesity / Weight Status,Percent of adults aged 18 years and older who have obesity,19.8,19.8,13.4,28.4,212,18 - 24,,,,"(64.845079957001, -147.722059036)",OWS,OWS1,Q036,VALUE,2,Age (years),18 - 24
2011,2011,AK,Alaska,Behavioral Risk Factor Surveillance System,Obesity / Weight Status,Percent of adults aged 18 years and older who have obesity,23.3,23.3,16.1,32.4,128,,,,Non-Hispanic 2 or more races,"(64.845079957001, -147.722059036)",OWS,OWS1,Q036,VALUE,2,Race/Ethnicity,Non-Hispanic 2 or more races
2011,2011,AK,Alaska,Behavioral Risk Factor Surveillance System,Obesity / Weight Status,Percent of adults aged 18 years and older who have obesity,23.5,23.5,18.6,29.2,451,25 - 34,,,,"(64.845079957001, -147.722059036)",OWS,OWS1,Q036,VALUE,2,Age (years),25 - 34
2011,2011,AK,Alaska,Behavioral Risk Factor Surveillance System,Obesity / Weight Status,Percent of adults aged 18 years and older who have obesity,29.5,29.5,24.5,35.0,562,35 - 44,,,,"(64.845079957001, -147.722059036)",OWS,OWS1,Q036,VALUE,2,Age (years),35 - 44
2011,2011,AK,Alaska,Behavioral Risk Factor Surveillance System,Obesity / Weight Status,Percent of adults aged 18 years and older who have obesity,29.2,29.2,25.2,33.5,735,45 - 54,,,,"(64.845079957001, -147.722059036)",OWS,OWS1,Q036,VALUE,2,Age (years),45 - 54
2011,2011,AK,Alaska,Behavioral Risk Factor Surveillance System,Obesity / Weight Status,Percent of adults aged 18 years and older who have obesity,33.4,33.4,29.1,38.0,776,55 - 64,,,,"(64.845079957001, -147.722059036)",OWS,OWS1,Q036,VALUE,2,Age (years),55 - 64
2011,2011,AK,Alaska,Behavioral Risk Factor Surveillance System,Obesity / Weight Status,Percent of adults aged 18 years and older who have obesity,29.3,29.3,24.1,35.0,600,65 or older,,,,"(64.845079957001, -147.722059036)",OWS,OWS1,Q036,VALUE,2,Age (years),65 or older
2011,2011,AK,Alaska,Behavioral Risk Factor Surveillance System,Obesity / Weight Status,Percent of adults aged 18 years and older who have obesity,30.9,30.9,25.7,36.6,477,,,,NH American Indian/Alaska Native,"(64.845079957001, -147.722059036)",OWS,OWS1,Q036,VALUE,2,Race/Ethnicity,NH American Indian/Alaska Native
2011,2011,AK,Alaska,Behavioral Risk Factor Surveillance System,Obesity / Weight Status,Percent of adults aged 18 years and older who have obesity,0.0,0.0,0.0,0.0,0,,,,Non-Hispanic Asian,"(64.845079957001, -147.722059036)",OWS,OWS1,Q036,VALUE,2,Race/Ethnicity,Non-Hispanic Asian
2011,2011,AK,Alaska,Behavioral Risk Factor Surveillance System,Obesity / Weight Status,Percent of adults aged 18 years and older who have obesity,22.1,22.1,19.1,25.5,1150,,College graduate,,,"(64.845079957001, -147.722059036)",OWS,OWS1,Q036,VALUE,2,Education,College graduate
2011,2011,AK,Alaska,Behavioral Risk Factor Surveillance System,Obesity / Weight Status,Percent of adults aged 18 years and older who have obesity,22.7,22.7,17.5,28.8,434,,,Data not reported,,"(64.845079957001, -147.722059036)",OWS,OWS1,Q036,VALUE,2,Income,Data not reported
2011,2011,AK,Alaska,Behavioral Risk Factor Surveillance System,Obesity / Weight Status,Percent of adults aged 18 years and older who have obesity,26.7,26.7,23.9,29.7,1716,,,,,"(64.845079957001, -147.722059036)",OWS,OWS1,Q036,VALUE,2,Sex,Female
2011,2011,AK,Alaska,Behavioral Risk Factor Surveillance System,Obesity / Weight Status,Percent of adults aged 18 years and older who have obesity,0.0,0.0,0.0,0.0,0,,,,NH Hawaiian/Pacific Islander,"(64.845079957001, -147.722059036)",OWS,OWS1,Q036,VALUE,2,Race/Ethnicity,NH Hawaiian/Pacific Islander
2011,2011,AK,Alaska,Behavioral Risk Factor Surveillance System,Obesity / Weight Status,Percent of adults aged 18 years and older who have obesity,33.1,33.1,28.8,37.7,981,,High school graduate,,,"(64.845079957001, -147.722059036)",OWS,OWS1,Q036,VALUE,2,Education,High school graduate
2011,2011,AK,Alaska,Behavioral Risk Factor Surveillance System,Obesity / Weight Status,Percent of adults aged 18 years and older who have obesity,31.5,31.5,20.4,45.1,84,,,,Hispanic,"(64.845079957001, -147.722059036)",OWS,OWS1,Q036,VALUE,2,Race/Ethnicity,Hispanic
2011,2011,AK,Alaska,Behavioral Risk Factor Surveillance System,Obesity / Weight Status,Percent of adults aged 18 years and older who have obesity,33.6,33.6,25.4,42.9,271,,,"Less than $15,000",,"(64.845079957001, -147.722059036)",OWS,OWS1,Q036,VALUE,2,Income,"Less than $15,000"
2011,2011,AK,Alaska,Behavioral Risk Factor Surveillance System,Obesity / Weight Status,Percent of adults aged 18 years and older who have obesity,28.8,28.8,21.4,37.6,245,,Less than high school,,,"(64.845079957001, -147.722059036)",OWS,OWS1,Q036,VALUE,2,Education,Less than high school
2011,2011,AK,Alaska,Behavioral Risk Factor Surveillance System,Obesity / Weight Status,Percent of adults aged 18 years and older who have obesity,28.0,28.0,24.9,31.3,1620,,,,,"(64.845079957001, -147.722059036)",OWS,OWS1,Q036,VALUE,2,Sex,Male
2011,2011,AK,Alaska,Behavioral Risk Factor Surveillance System,Obesity / Weight Status,Percent of adults aged 18 years and older who have obesity,0.0,0.0,0.0,0.0,0,,,,Non-Hispanic Black,"(64.845079957001, -147.722059036)",OWS,OWS1,Q036,VALUE,2,Race/Ethnicity,Non-Hispanic Black
2011,2011,AK,Alaska,Behavioral Risk Factor Surveillance System,Obesity / Weight Status,Percent of adults aged 18 years and older who have obesity,25.9,25.9,23.6,28.2,2425,,,,Non-Hispanic White,"(64.845079957001, -147.722059036)",OWS,OWS1,Q036,VALUE,2,Race/Ethnicity,Non-Hispanic White
2011,2011,AK,Alaska,Behavioral Risk Factor Surveillance System,Obesity / Weight Status,Percent of adults aged 18 years and older who have obesity,35.5,35.5,22.7,50.9,63,,,,Non-Hispanic Other,"(64.845079957001, -147.722059036)",OWS,OWS1,Q036,VALUE,2,Race/Ethnicity,Non-Hispanic Other
2011,2011,AK,Alaska,Behavioral Risk Factor Surveillance System,Obesity / Weight Status,Percent of adults aged 18 years and older who have obesity,25.8,25.8,22.3,29.6,954,,Some college or technical sch,,,"(64.845079957001, -147.722059036)",OWS,OWS1,Q036,VALUE,2,Education,Some college or technical school
2011,2011,AK,Alaska,Behavioral Risk Factor Surveillance System,Obesity / Weight Status,Percent of adults aged 18 years and older who have obesity,27.4,27.4,25.3,29.7,3336,,,,,"(64.845079957001, -147.722059036)",OWS,OWS1,Q036,VALUE,2,Total,Total
2011,2011,AZ,Arizona,Behavioral Risk Factor Surveillance System,Obesity / Weight Status,Percent of adults aged 18 years and older who have obesity,32.3,32.3,26.7,38.4,1057,,,"$15,000 - $24,999",,"(34.86597028, -111.763811277)",OWS,OWS1,Q036,VALUE,4,Income,"$15,000 - $24,999"
2011,2011,AZ,Arizona,Behavioral Risk Factor Surveillance System,Obesity / Weight Status,Percent of adults aged 18 years and older who have obesity,26.5,26.5,19.9,34.3,654,,,"$25,000 - $34,999",,"(34.86597028, -111.763811277)",OWS,OWS1,Q036,VALUE,4,Income,"$25,000 - $34,999"
2011,2011,AZ,Arizona,Behavioral Risk Factor Surveillance System,Obesity / Weight Status,Percent of adults aged 18 years and older who have obesity,20.7,20.7,16.4,25.8,834,,,"$35,000 - $49,999",,"(34.86597028, -111.763811277)",OWS,OWS1,Q036,VALUE,4,Income,"$35,000 - $49,999"
2011,2011,AZ,Arizona,Behavioral Risk Factor Surveillance System,Obesity / Weight Status,Percent of adults aged 18 years and older who have obesity,25.1,25.1,20.2,30.7,830,,,"$50,000 - $74,999",,"(34.86597028, -111.763811277)",OWS,OWS1,Q036,VALUE,4,Income,"$50,000 - $74,999"
2011,2011,AZ,Arizona,Behavioral Risk Factor Surveillance System,Obesity / Weight Status,Percent of adults aged 18 years and older who have obesity,19.7,19.7,16.4,23.5,1179,,,"$75,000 or greater",,"(34.86597028, -111.763811277)",OWS,OWS1,Q036,VALUE,4,Income,"$75,000 or greater"
2011,2011,AZ,Arizona,Behavioral Risk Factor Surveillance System,Obesity / Weight Status,Percent of adults aged 18 years and older who have obesity,18.7,18.7,12.7,26.7,240,18 - 24,,,,"(34.86597028, -111.763811277)",OWS,OWS1,Q036,VALUE,4,Age (years),18 - 24
2011,2011,AZ,Arizona,Behavioral Risk Factor Surveillance System,Obesity / Weight Status,Percent of adults aged 18 years and older who have obesity,20.8,20.8,10.4,37.3,82,,,,Non-Hispanic 2 or more races,"(34.86597028, -111.763811277)",OWS,OWS1,Q036,VALUE,4,Race/Ethnicity,Non-Hispanic 2 or more races
2011,2011,AZ,Arizona,Behavioral Risk Factor Surveillance System,Obesity / Weight Status,Percent of adults aged 18 years and older who have obesity,23.6,23.6,17.6,30.8,471,25 - 34,,,,"(34.86597028, -111.763811277)",OWS,OWS1,Q036,VALUE,4,Age (years),25 - 34
2011,2011,AZ,Arizona,Behavioral Risk Factor Surveillance System,Obesity / Weight Status,Percent of adults aged 18 years and older who have obesity,25.4,25.4,20.7,30.9,655,35 - 44,,,,"(34.86597028, -111.763811277)",OWS,OWS1,Q036,VALUE,4,Age (years),35 - 44
2011,2011,AZ,Arizona,Behavioral Risk Factor Surveillance System,Obesity / Weight Status,Percent of adults aged 18 years and older who have obesity,29.6,29.6,25.0,34.6,963,45 - 54,,,,"(34.86597028, -111.763811277)",OWS,OWS1,Q036,VALUE,4,Age (years),45 - 54
2011,2011,AZ,Arizona,Behavioral Risk Factor Surveillance System,Obesity / Weight Status,Percent of adults aged 18 years and older who have obesity,29.9,29.9,25.3,34.9,1346,55 - 64,,,,"(34.86597028, -111.763811277)",OWS,OWS1,Q036,VALUE,4,Age (years),55 - 64
2011,2011,AZ,Arizona,Behavioral Risk Factor Surveillance System,Obesity / Weight Status,Percent of adults aged 18 years and older who have obesity,22.6,22.6,19.9,25.7,2475,65 or older,,,,"(34.86597028, -111.763811277)",OWS,OWS1,Q036,VALUE,4,Age (years),65 or older
2011,2011,AZ,Arizona,Behavioral Risk Factor Surveillance System,Obesity / Weight Status,Percent of adults aged 18 years and older who have obesity,34.2,34.2,25.1,44.7,270,,,,NH American Indian/Alaska Native,"(34.86597028, -111.763811277)",OWS,OWS1,Q036,VALUE,4,Race/Ethnicity,NH American Indian/Alaska Native
2011,2011,AZ,Arizona,Behavioral Risk Factor Surveillance System,Obesity / Weight Status,Percent of adults aged 18 years and older who have obesity,13.0,13.0,5.3,28.6,64,,,,Non-Hispanic Asian,"(34.86597028, -111.763811277)",OWS,OWS1,Q036,VALUE,4,Race/Ethnicity,Non-Hispanic Asian
2011,2011,AZ,Arizona,Behavioral Risk Factor Surveillance System,Obesity / Weight Status,Percent of adults aged 18 years and older who have obesity,17.4,17.4,15.0,20.1,2050,,College graduate,,,"(34.86597028, -111.763811277)",OWS,OWS1,Q036,VALUE,4,Education,College graduate
2011,2011,AZ,Arizona,Behavioral Risk Factor Surveillance System,Obesity / Weight Status,Percent of adults aged 18 years and older who have obesity,19.6,19.6,15.4,24.7,836,,,Data not reported,,"(34.86597028, -111.763811277)",OWS,OWS1,Q036,VALUE,4,Income,Data not reported
2011,2011,AZ,Arizona,Behavioral Risk Factor Surveillance System,Obesity / Weight Status,Percent of adults aged 18 years and older who have obesity,25.8,25.8,22.9,29.0,3676,,,,,"(34.86597028, -111.763811277)",OWS,OWS1,Q036,VALUE,4,Sex,Female
2011,2011,AZ,Arizona,Behavioral Risk Factor Surveillance System,Obesity / Weight Status,Percent of adults aged 18 years and older who have obesity,0.0,0.0,0.0,0.0,0,,,,NH Hawaiian/Pacific Islander,"(34.86597028, -111.763811277)",OWS,OWS1,Q036,VALUE,4,Race/Ethnicity,NH Hawaiian/Pacific Islander
2011,2011,AZ,Arizona,Behavioral Risk Factor Surveillance System,Obesity / Weight Status,Percent of adults aged 18 years and older who have obesity,25.2,25.2,21.5,29.3,1655,,High school graduate,,,"(34.86597028, -111.763811277)",OWS,OWS1,Q036,VALUE,4,Education,High school graduate
2011,2011,AZ,Arizona,Behavioral Risk Factor Surveillance System,Obesity / Weight Status,Percent of adults aged 18 years and older who have obesity,33.8,33.8,28.3,39.7,996,,,,Hispanic,"(34.86597028, -111.763811277)",OWS,OWS1,Q036,VALUE,4,Race/Ethnicity,Hispanic
2011,2011,AZ,Arizona,Behavioral Risk Factor Surveillance System,Obesity / Weight Status,Percent of adults aged 18 years and older who have obesity,34.1,34.1,26.1,43.1,760,,,"Less than $15,000",,"(34.86597028, -111.763811277)",OWS,OWS1,Q036,VALUE,4,Income,"Less than $15,000"
2011,2011,AZ,Arizona,Behavioral Risk Factor Surveillance System,Obesity / Weight Status,Percent of adults aged 18 years and older who have obesity,36.2,36.2,27.9,45.4,536,,Less than high school,,,"(34.86597028, -111.763811277)",OWS,OWS1,Q036,VALUE,4,Education,Less than high school
2011,2011,AZ,Arizona,Behavioral Risk Factor Surveillance System,Obesity / Weight Status,Percent of adults aged 18 years and older who have obesity,24.4,24.4,21.5,27.6,2474,,,,,"(34.86597028, -111.763811277)",OWS,OWS1,Q036,VALUE,4,Sex,Male
2011,2011,AZ,Arizona,Behavioral Risk Factor Surveillance System,Obesity / Weight Status,Percent of adults aged 18 years and older who have obesity,26.8,26.8,16.6,40.3,103,,,,Non-Hispanic Black,"(34.86597028, -111.763811277)",OWS,OWS1,Q036,VALUE,4,Race/Ethnicity,Non-Hispanic Black
2011,2011,AZ,Arizona,Behavioral Risk Factor Surveillance System,Obesity / Weight Status,Percent of adults aged 18 years and older who have obesity,21.2,21.2,19.0,23.6,4499,,,,Non-Hispanic White,"(34.86597028, -111.763811277)",OWS,OWS1,Q036,VALUE,4,Race/Ethnicity,Non-Hispanic White
2011,2011,AZ,Arizona,Behavioral Risk Factor Surveillance System,Obesity / Weight Status,Percent of adults aged 18 years and older who have obesity,0.0,0.0,0.0,0.0,0,,,,Non-Hispanic Other,"(34.86597028, -111.763811277)",OWS,OWS1,Q036,VALUE,4,Race/Ethnicity,Non-Hispanic Other
2011,2011,AZ,Arizona,Behavioral Risk Factor Surveillance System,Obesity / Weight Status,Percent of adults aged 18 years and older who have obesity,25.9,25.9,22.6,29.4,1898,,Some college or technical sch,,,"(34.86597028, -111.763811277)",OWS,OWS1,Q036,VALUE,4,Education,Some college or technical school
2011,2011,AZ,Arizona,Behavioral Risk Factor Surveillance System,Obesity / Weight Status,Percent of adults aged 18 years and older who have obesity,25.1,25.1,23.0,27.3,6150,,,,,"(34.86597028, -111.763811277)",OWS,OWS1,Q036,VALUE,4,Total,Total
2011,2011,AR,Arkansas,Behavioral Risk Factor Surveillance System,Obesity / Weight Status,Percent of adults aged 18 years and older who have obesity,30.4,30.4,25.7,35.6,860,,,"$15,000 - $24,999",,"(34.748650124, -92.274490743)",OWS,OWS1,Q036,VALUE,5,Income,"$15,000 - $24,999"
2011,2011,AR,Arkansas,Behavioral Risk Factor Surveillance System,Obesity / Weight Status,Percent of adults aged 18 years and older who have obesity,37.2,37.2,30.8,44.1,524,,,"$25,000 - $34,999",,"(34.748650124, -92.274490743)",OWS,OWS1,Q036,VALUE,5,Income,"$25,000 - $34,999"
2011,2011,AR,Arkansas,Behavioral Risk Factor Surveillance System,Obesity / Weight Status,Percent of adults aged 18 years and older who have obesity,31.7,31.7,26.1,37.9,564,,,"$35,000 - $49,999",,"(34.748650124, -92.274490743)",OWS,OWS1,Q036,VALUE,5,Income,"$35,000 - $49,999"
2011,2011,AR,Arkansas,Behavioral Risk Factor Surveillance System,Obesity / Weight Status,Percent of adults aged 18 years and older who have obesity,30.6,30.6,25.2,36.7,528,,,"$50,000 - $74,999",,"(34.748650124, -92.274490743)",OWS,OWS1,Q036,VALUE,5,Income,"$50,000 - $74,999"
2011,2011,AR,Arkansas,Behavioral Risk Factor Surveillance System,Obesity / Weight Status,Percent of adults aged 18 years and older who have obesity,27.8,27.8,23.3,32.7,718,,,"$75,000 or greater",,"(34.748650124, -92.274490743)",OWS,OWS1,Q036,VALUE,5,Income,"$75,000 or greater"
2011,2011,AR,Arkansas,Behavioral Risk Factor Surveillance System,Obesity / Weight Status,Percent of adults aged 18 years and older who have obesity,23.0,23.0,16.1,31.9,136,18 - 24,,,,"(34.748650124, -92.274490743)",OWS,OWS1,Q036,VALUE,5,Age (years),18 - 24
2011,2011,AR,Arkansas,Behavioral Risk Factor Surveillance System,Obesity / Weight Status,Percent of adults aged 18 years and older who have obesity,26.4,26.4,14.2,43.8,80,,,,Non-Hispanic 2 or more races,"(34.748650124, -92.274490743)",OWS,OWS1,Q036,VALUE,5,Race/Ethnicity,Non-Hispanic 2 or more races
2011,2011,AR,Arkansas,Behavioral Risk Factor Surveillance System,Obesity / Weight Status,Percent of adults aged 18 years and older who have obesity,29.3,29.3,23.2,36.3,295,25 - 34,,,,"(34.748650124, -92.274490743)",OWS,OWS1,Q036,VALUE,5,Age (years),25 - 34
2011,2011,AR,Arkansas,Behavioral Risk Factor Surveillance System,Obesity / Weight Status,Percent of adults aged 18 years and older who have obesity,32.9,32.9,27.5,38.9,430,35 - 44,,,,"(34.748650124, -92.274490743)",OWS,OWS1,Q036,VALUE,5,Age (years),35 - 44
2011,2011,AR,Arkansas,Behavioral Risk Factor Surveillance System,Obesity / Weight Status,Percent of adults aged 18 years and older who have obesity,36.4,36.4,32.0,41.0,742,45 - 54,,,,"(34.748650124, -92.274490743)",OWS,OWS1,Q036,VALUE,5,Age (years),45 - 54
2011,2011,AR,Arkansas,Behavioral Risk Factor Surveillance System,Obesity / Weight Status,Percent of adults aged 18 years and older who have obesity,36.9,36.9,33.2,40.7,1082,55 - 64,,,,"(34.748650124, -92.274490743)",OWS,OWS1,Q036,VALUE,5,Age (years),55 - 64
2011,2011,AR,Arkansas,Behavioral Risk Factor Surveillance System,Obesity / Weight Status,Percent of adults aged 18 years and older who have obesity,26.1,26.1,23.6,28.8,1842,65 or older,,,,"(34.748650124, -92.274490743)",OWS,OWS1,Q036,VALUE,5,Age (years),65 or older
2011,2011,AR,Arkansas,Behavioral Risk Factor Surveillance System,Obesity / Weight Status,Percent of adults aged 18 years and older who have obesity,19.3,19.3,10.3,33.3,58,,,,NH American Indian/Alaska Native,"(34.748650124, -92.274490743)",OWS,OWS1,Q036,VALUE,5,Race/Ethnicity,NH American Indian/Alaska Native
2011,2011,AR,Arkansas,Behavioral Risk Factor Surveillance System,Obesity / Weight Status,Percent of adults aged 18 years and older who have obesity,0.0,0.0,0.0,0.0,0,,,,Non-Hispanic Asian,"(34.748650124, -92.274490743)",OWS,OWS1,Q036,VALUE,5,Race/Ethnicity,Non-Hispanic Asian
2011,2011,AR,Arkansas,Behavioral Risk Factor Surveillance System,Obesity / Weight Status,Percent of adults aged 18 years and older who have obesity,26.4,26.4,22.9,30.2,1175,,College graduate,,,"(34.748650124, -92.274490743)",OWS,OWS1,Q036,VALUE,5,Education,College graduate
2011,2011,AR,Arkansas,Behavioral Risk Factor Surveillance System,Obesity / Weight Status,Percent of adults aged 18 years and older who have obesity,24.9,24.9,19.9,30.7,632,,,Data not reported,,"(34.748650124, -92.274490743)",OWS,OWS1,Q036,VALUE,5,Income,Data not reported
